{"cameraMode":{"drawMode":0,"name":"Shaded","section":"Shading Mode"},"sceneLighting":false,"audioPlay":false,"sceneViewState":{"showFog":false,"showMaterialUpdate":false,"showSkybox":false,"showFlares":false,"showImageEffects":false,"showParticleSystems":false},"in2DMode":false,"pivot":{"x":-0.01875108852982521,"y":-0.44486308097839358,"z":-1.0853208303451539},"rotation":{"x":-0.002188472542911768,"y":0.9860857725143433,"z":-0.1657179743051529,"w":-0.013020528480410576},"size":2.3288116455078127,"orthographic":false}