{"cameraMode":{"drawMode":0,"name":"Shaded","section":"Shading Mode"},"sceneLighting":false,"audioPlay":false,"sceneViewState":{"showFog":false,"showMaterialUpdate":false,"showSkybox":false,"showFlares":false,"showImageEffects":false,"showParticleSystems":false},"in2DMode":false,"pivot":{"x":-7.715197563171387,"y":5.591228485107422,"z":7.885368347167969},"rotation":{"x":0.04498358070850372,"y":0.9034624695777893,"z":-0.09795510023832321,"w":0.41489389538764956},"size":10.881271362304688,"orthographic":true}