{"cameraMode":{"drawMode":0,"name":"Shaded","section":"Shading Mode"},"sceneLighting":false,"audioPlay":false,"sceneViewState":{"showFog":false,"showMaterialUpdate":false,"showSkybox":false,"showFlares":false,"showImageEffects":false,"showParticleSystems":false},"in2DMode":false,"pivot":{"x":-1.4951672554016114,"y":5.224064826965332,"z":-6.35086727142334},"rotation":{"x":-0.0010654219659045339,"y":0.7039169073104858,"z":0.0010558762587606907,"w":0.7102808356285095},"size":17.328807830810548,"orthographic":false}