{"cameraMode":{"drawMode":1,"name":"Wireframe","section":"Shading Mode"},"sceneLighting":true,"audioPlay":false,"sceneViewState":{"showFog":false,"showMaterialUpdate":false,"showSkybox":false,"showFlares":false,"showImageEffects":false,"showParticleSystems":false},"in2DMode":false,"pivot":{"x":19.68659210205078,"y":-0.11744605004787445,"z":0.5148086547851563},"rotation":{"x":0.61882483959198,"y":-0.02002459019422531,"z":0.015783509239554406,"w":0.785118579864502},"size":43.26205825805664,"orthographic":false}