{"cameraMode":{"drawMode":0,"name":"Shaded","section":"Shading Mode"},"sceneLighting":false,"audioPlay":false,"sceneViewState":{"showFog":false,"showMaterialUpdate":false,"showSkybox":false,"showFlares":false,"showImageEffects":false,"showParticleSystems":false},"in2DMode":false,"pivot":{"x":11.171616554260254,"y":4.343398094177246,"z":-12.267745018005371},"rotation":{"x":0.01454078871756792,"y":0.9724142551422119,"z":-0.22409778833389283,"w":0.06309738010168076},"size":20.307723999023439,"orthographic":false}