{"cameraMode":{"drawMode":0,"name":"Shaded","section":"Shading Mode"},"sceneLighting":false,"audioPlay":false,"sceneViewState":{"showFog":false,"showMaterialUpdate":false,"showSkybox":false,"showFlares":false,"showImageEffects":false,"showParticleSystems":false},"in2DMode":false,"pivot":{"x":1.0366945266723633,"y":1.5517964363098145,"z":0.5693928003311157},"rotation":{"x":-0.2488519698381424,"y":0.193667933344841,"z":-0.05085887014865875,"w":-0.9476181864738464},"size":2.9431533813476564,"orthographic":false}