{"cameraMode":{"drawMode":0,"name":"Shaded","section":"Shading Mode"},"sceneLighting":false,"audioPlay":false,"sceneViewState":{"showFog":false,"showMaterialUpdate":false,"showSkybox":false,"showFlares":false,"showImageEffects":false,"showParticleSystems":false},"in2DMode":false,"pivot":{"x":2.8688817024230959,"y":-1.324352741241455,"z":-4.2394490242004398},"rotation":{"x":0.01454078871756792,"y":0.9724142551422119,"z":-0.22409778833389283,"w":0.06309738010168076},"size":8.573651313781739,"orthographic":false}