{"cameraMode":{"drawMode":0,"name":"Shaded","section":"Shading Mode"},"sceneLighting":false,"audioPlay":false,"sceneViewState":{"showFog":false,"showMaterialUpdate":false,"showSkybox":false,"showFlares":false,"showImageEffects":false,"showParticleSystems":false},"in2DMode":false,"pivot":{"x":-19.296730041503908,"y":0.8823941946029663,"z":-14.402563095092774},"rotation":{"x":-0.18977147340774537,"y":0.7409597039222717,"z":-0.23433837294578553,"w":-0.6000427603721619},"size":7.7907023429870609,"orthographic":false}