{"cameraMode":{"drawMode":0,"name":"Shaded","section":"Shading Mode"},"sceneLighting":false,"audioPlay":false,"sceneViewState":{"showFog":false,"showMaterialUpdate":false,"showSkybox":false,"showFlares":false,"showImageEffects":false,"showParticleSystems":false},"in2DMode":false,"pivot":{"x":6.795661926269531,"y":7.035991191864014,"z":-12.267745971679688},"rotation":{"x":0.1443459540605545,"y":0.38641753792762759,"z":-0.06136881187558174,"w":0.9088905453681946},"size":11.547019004821778,"orthographic":false}