{"cameraMode":{"drawMode":0,"name":"Shaded","section":"Shading Mode"},"sceneLighting":false,"audioPlay":false,"sceneViewState":{"showFog":false,"showMaterialUpdate":false,"showSkybox":false,"showFlares":false,"showImageEffects":false,"showParticleSystems":false},"in2DMode":false,"pivot":{"x":14.881660461425782,"y":4.714382171630859,"z":10.647065162658692},"rotation":{"x":-0.17091426253318788,"y":0.4523475468158722,"z":-0.08878374099731446,"w":-0.870797336101532},"size":8.573651313781739,"orthographic":false}