{"cameraMode":{"drawMode":0,"name":"Shaded","section":"Shading Mode"},"sceneLighting":true,"audioPlay":false,"sceneViewState":{"showFog":false,"showMaterialUpdate":false,"showSkybox":false,"showFlares":false,"showImageEffects":false,"showParticleSystems":false},"in2DMode":false,"pivot":{"x":-2.613300085067749,"y":-0.5311450958251953,"z":11.05112361907959},"rotation":{"x":-0.4647482931613922,"y":-0.09345009922981262,"z":0.049402911216020587,"w":-0.8791111707687378},"size":32.61380386352539,"orthographic":false}