{"cameraMode":{"drawMode":1,"name":"Wireframe","section":"Shading Mode"},"sceneLighting":false,"audioPlay":false,"sceneViewState":{"showFog":false,"showMaterialUpdate":false,"showSkybox":false,"showFlares":false,"showImageEffects":false,"showParticleSystems":false},"in2DMode":false,"pivot":{"x":548.0230102539063,"y":239.6300048828125,"z":-85.16277313232422},"rotation":{"x":-0.04806989058852196,"y":0.7031493782997131,"z":-0.04775339737534523,"w":-0.7078070044517517},"size":13.25744342803955,"orthographic":false}