{"cameraMode":{"drawMode":0,"name":"Shaded","section":"Shading Mode"},"sceneLighting":false,"audioPlay":false,"sceneViewState":{"showFog":false,"showMaterialUpdate":false,"showSkybox":false,"showFlares":false,"showImageEffects":false,"showParticleSystems":false},"in2DMode":false,"pivot":{"x":550.8873291015625,"y":240.1898651123047,"z":-85.8709716796875},"rotation":{"x":0.024827247485518457,"y":0.8088915944099426,"z":-0.03424369543790817,"w":0.5864370465278626},"size":12.124975204467774,"orthographic":false}