{"cameraMode":{"drawMode":0,"name":"Shaded","section":"Shading Mode"},"sceneLighting":false,"audioPlay":false,"sceneViewState":{"showFog":false,"showMaterialUpdate":false,"showSkybox":false,"showFlares":false,"showImageEffects":false,"showParticleSystems":false},"in2DMode":false,"pivot":{"x":0.8674715757369995,"y":2.9114861488342287,"z":6.203376770019531},"rotation":{"x":0.5999323129653931,"y":0.011999542824923993,"z":-0.008999613113701344,"w":0.7999110221862793},"size":14.561805725097657,"orthographic":false}