{"cameraMode":{"drawMode":1,"name":"Wireframe","section":"Shading Mode"},"sceneLighting":false,"audioPlay":false,"sceneViewState":{"showFog":false,"showMaterialUpdate":false,"showSkybox":false,"showFlares":false,"showImageEffects":false,"showParticleSystems":false},"in2DMode":false,"pivot":{"x":543.8269653320313,"y":239.71768188476563,"z":-85.9119644165039},"rotation":{"x":-0.04806989058852196,"y":0.7031493782997131,"z":-0.04775339737534523,"w":-0.7078070044517517},"size":12.519571304321289,"orthographic":false}